date,industry_code,industry_name,industry_asof,member_count,equal_weight_return,industry_return20,industry_percentile
2019-03-04,T01,农林牧渔,2019-02-28,72,0.03173349708342677,,
2019-03-04,T02,煤炭,2019-02-28,57,0.006950791293397125,,
2019-03-04,T03,基础化工,2019-02-28,250,0.012263474036089836,,
2019-03-04,T04,钢铁,2019-02-28,32,0.011898445187659604,,
2019-03-04,T05,有色金属,2019-02-28,107,0.021571867949894307,,
2019-03-04,T06,建筑材料,2019-02-28,166,0.015690848726603895,,
2019-03-04,T07,机械设备,2019-02-28,349,0.016613738023765524,,
2019-03-04,T08,电子,2019-02-28,154,0.021186025892846225,,
2019-03-04,T09,汽车,2019-02-28,159,0.01218134715415116,,
2019-03-04,T10,计算机,2019-02-28,86,0.02510719784029548,,
2019-03-04,T11,家用电器,2019-02-28,53,0.033178702469914584,,
2019-03-04,T12,食品饮料,2019-02-28,88,0.0116037443810303,,
2019-03-04,T13,纺织服饰,2019-02-28,80,0.011791089417944458,,
2019-03-04,T14,轻工制造,2019-02-28,110,0.014818105684512525,,
2019-03-04,T15,医药生物,2019-02-28,213,0.016351853117730283,,
2019-03-04,T16,公用事业,2019-02-28,137,0.019566326582325773,,
2019-03-04,T17,交通运输,2019-02-28,114,0.014928791056914992,,
2019-03-04,T18,房地产,2019-02-28,130,0.020671598017951962,,
2019-03-04,T19,银行,2019-02-28,103,0.017307602305734204,,
2019-03-04,T20,商贸零售,2019-02-28,103,0.0135555192564334,,
2019-03-04,T21,社会服务,2019-02-28,29,0.011040818674157026,,
2019-03-04,T22,传媒,2019-02-28,188,0.02480077065823383,,
2019-03-04,T23,综合,2019-02-28,27,0.010584495955765794,,
2019-03-04,T24,国防军工,2019-02-28,38,0.019261442981020088,,
2019-03-05,T01,农林牧渔,2019-02-28,72,0.025224947710097326,,
2019-03-05,T02,煤炭,2019-02-28,57,0.012232482885818284,,
2019-03-05,T03,基础化工,2019-02-28,250,0.019184259873331968,,
2019-03-05,T04,钢铁,2019-02-28,32,0.004401142579677598,,
2019-03-05,T05,有色金属,2019-02-28,107,0.020265698542704328,,
2019-03-05,T06,建筑材料,2019-02-28,166,0.02155873596507738,,
2019-03-05,T07,机械设备,2019-02-28,349,0.027407727907156093,,
2019-03-05,T08,电子,2019-02-28,154,0.04248457594100241,,
2019-03-05,T09,汽车,2019-02-28,159,0.02387970950327295,,
2019-03-05,T10,计算机,2019-02-28,86,0.04701962588979398,,
2019-03-05,T11,家用电器,2019-02-28,53,0.038033908181726965,,
2019-03-05,T12,食品饮料,2019-02-28,88,0.012263307440556072,,
2019-03-05,T13,纺织服饰,2019-02-28,80,0.017906401445692898,,
2019-03-05,T14,轻工制造,2019-02-28,110,0.02539910658083119,,
2019-03-05,T15,医药生物,2019-02-28,213,0.01959922514691409,,
2019-03-05,T16,公用事业,2019-02-28,137,0.016884249125606605,,
2019-03-05,T17,交通运输,2019-02-28,114,0.014560061231871257,,
2019-03-05,T18,房地产,2019-02-28,130,0.025771499560838015,,
2019-03-05,T19,银行,2019-02-28,103,0.0062900366736223755,,
2019-03-05,T20,商贸零售,2019-02-28,103,0.021190486643417026,,
2019-03-05,T21,社会服务,2019-02-28,29,0.012702684092070786,,
2019-03-05,T22,传媒,2019-02-28,188,0.04093149296778856,,
2019-03-05,T23,综合,2019-02-28,27,0.03182716684627073,,
2019-03-05,T24,国防军工,2019-02-28,38,0.037537125248594774,,
2019-03-06,T01,农林牧渔,2019-02-28,72,0.016967541463591845,,
2019-03-06,T02,煤炭,2019-02-28,57,0.025135840652262716,,
2019-03-06,T03,基础化工,2019-02-28,250,0.020715483927764306,,
2019-03-06,T04,钢铁,2019-02-28,32,0.03483197250703755,,
2019-03-06,T05,有色金属,2019-02-28,107,0.027374512610257477,,
2019-03-06,T06,建筑材料,2019-02-28,166,0.01902319364604206,,
2019-03-06,T07,机械设备,2019-02-28,349,0.022768232725440526,,
2019-03-06,T08,电子,2019-02-28,154,0.016235104420047747,,
2019-03-06,T09,汽车,2019-02-28,159,0.027667484843081604,,
2019-03-06,T10,计算机,2019-02-28,86,0.024345296920664537,,
2019-03-06,T11,家用电器,2019-02-28,53,0.02899256889766147,,
2019-03-06,T12,食品饮料,2019-02-28,88,0.010429725121296602,,
2019-03-06,T13,纺织服饰,2019-02-28,80,0.022546280457527337,,
2019-03-06,T14,轻工制造,2019-02-28,110,0.020926724682319757,,
2019-03-06,T15,医药生物,2019-02-28,213,0.01873012563542645,,
2019-03-06,T16,公用事业,2019-02-28,137,0.02125846572787862,,
2019-03-06,T17,交通运输,2019-02-28,114,0.021205294598747867,,
2019-03-06,T18,房地产,2019-02-28,130,0.017341294268828685,,
2019-03-06,T19,银行,2019-02-28,103,0.04295828608631219,,
2019-03-06,T20,商贸零售,2019-02-28,103,0.01866514915066946,,
2019-03-06,T21,社会服务,2019-02-28,29,0.016335092888566893,,
2019-03-06,T22,传媒,2019-02-28,188,0.02898609247766022,,
2019-03-06,T23,综合,2019-02-28,27,0.025008829128268368,,
2019-03-06,T24,国防军工,2019-02-28,38,0.009123767391451409,,
2019-03-07,T01,农林牧渔,2019-02-28,72,0.02067730148514081,,
2019-03-07,T02,煤炭,2019-02-28,57,0.01849815593692537,,
2019-03-07,T03,基础化工,2019-02-28,250,0.01442957170776111,,
2019-03-07,T04,钢铁,2019-02-28,32,-0.0008547264852934305,,
2019-03-07,T05,有色金属,2019-02-28,107,0.03223348599338147,,
2019-03-07,T06,建筑材料,2019-02-28,166,0.018170696514105855,,
2019-03-07,T07,机械设备,2019-02-28,349,0.015401528882044258,,
2019-03-07,T08,电子,2019-02-28,154,0.015598172697506149,,
2019-03-07,T09,汽车,2019-02-28,159,0.019553185708983133,,
2019-03-07,T10,计算机,2019-02-28,86,0.025373841300834376,,
2019-03-07,T11,家用电器,2019-02-28,53,0.010966370234054851,,
2019-03-07,T12,食品饮料,2019-02-28,88,0.0086484462521923,,
2019-03-07,T13,纺织服饰,2019-02-28,80,0.0166255476010669,,
2019-03-07,T14,轻工制造,2019-02-28,110,0.021588983162402046,,
2019-03-07,T15,医药生物,2019-02-28,213,0.011181388421098904,,
2019-03-07,T16,公用事业,2019-02-28,137,0.018249833146725025,,
2019-03-07,T17,交通运输,2019-02-28,114,0.02064367833470558,,
2019-03-07,T18,房地产,2019-02-28,130,0.009846848106221615,,
2019-03-07,T19,银行,2019-02-28,103,0.022147172634549357,,
2019-03-07,T20,商贸零售,2019-02-28,103,0.02161487502549201,,
2019-03-07,T21,社会服务,2019-02-28,29,0.012790143826292706,,
2019-03-07,T22,传媒,2019-02-28,188,0.0316334529127585,,
2019-03-07,T23,综合,2019-02-28,27,0.023029266966704882,,
2019-03-07,T24,国防军工,2019-02-28,38,0.006159121606483295,,
2019-03-08,T01,农林牧渔,2019-02-28,72,-0.02349795100280984,,
2019-03-08,T02,煤炭,2019-02-28,57,-0.06214882279503914,,
2019-03-08,T03,基础化工,2019-02-28,250,-0.04822141280529248,,
2019-03-08,T04,钢铁,2019-02-28,32,-0.06555338436291747,,
2019-03-08,T05,有色金属,2019-02-28,107,-0.0623015083394728,,
2019-03-08,T06,建筑材料,2019-02-28,166,-0.0520239786276116,,
2019-03-08,T07,机械设备,2019-02-28,349,-0.05158128128394836,,
2019-03-08,T08,电子,2019-02-28,154,-0.017052780461786175,,
2019-03-08,T09,汽车,2019-02-28,159,-0.052973083769017264,,
2019-03-08,T10,计算机,2019-02-28,86,-0.03320385535144628,,
2019-03-08,T11,家用电器,2019-02-28,53,-0.05198203636888495,,
2019-03-08,T12,食品饮料,2019-02-28,88,-0.03796520065803088,,
2019-03-08,T13,纺织服饰,2019-02-28,80,-0.051304693231981204,,
2019-03-08,T14,轻工制造,2019-02-28,110,-0.049548247389124285,,
2019-03-08,T15,医药生物,2019-02-28,213,-0.03873417091904321,,
2019-03-08,T16,公用事业,2019-02-28,137,-0.05599196282882953,,
2019-03-08,T17,交通运输,2019-02-28,114,-0.054695500652946046,,
2019-03-08,T18,房地产,2019-02-28,130,-0.05752957129492078,,
2019-03-08,T19,银行,2019-02-28,103,-0.07591410983325803,,
2019-03-08,T20,商贸零售,2019-02-28,103,-0.051826403629028274,,
2019-03-08,T21,社会服务,2019-02-28,29,-0.04346762424194856,,
2019-03-08,T22,传媒,2019-02-28,188,-0.03429134099136207,,
2019-03-08,T23,综合,2019-02-28,27,-0.048667250724053944,,
2019-03-08,T24,国防军工,2019-02-28,38,-0.045253901276546514,,
2019-03-11,T01,农林牧渔,2019-02-28,72,0.04661050368266978,,
2019-03-11,T02,煤炭,2019-02-28,57,0.025588429650890313,,
2019-03-11,T03,基础化工,2019-02-28,250,0.04204656142030776,,
2019-03-11,T04,钢铁,2019-02-28,32,0.025442995810657152,,
2019-03-11,T05,有色金属,2019-02-28,107,0.0305107699514807,,
2019-03-11,T06,建筑材料,2019-02-28,166,0.03541585427711758,,
2019-03-11,T07,机械设备,2019-02-28,349,0.05449975368879657,,
2019-03-11,T08,电子,2019-02-28,154,0.04377851966937031,,
2019-03-11,T09,汽车,2019-02-28,159,0.039046851104129615,,
2019-03-11,T10,计算机,2019-02-28,86,0.03795752011424094,,
2019-03-11,T11,家用电器,2019-02-28,53,0.03567887810716095,,
2019-03-11,T12,食品饮料,2019-02-28,88,0.035744772314006974,,
2019-03-11,T13,纺织服饰,2019-02-28,80,0.03509085170404053,,
2019-03-11,T14,轻工制造,2019-02-28,110,0.03607768428779124,,
2019-03-11,T15,医药生物,2019-02-28,213,0.042902592007804635,,
2019-03-11,T16,公用事业,2019-02-28,137,0.039614079041891535,,
2019-03-11,T17,交通运输,2019-02-28,114,0.03986781870809314,,
2019-03-11,T18,房地产,2019-02-28,130,0.03254285077935281,,
2019-03-11,T19,银行,2019-02-28,103,0.014852649853074402,,
2019-03-11,T20,商贸零售,2019-02-28,103,0.03579589013106034,,
2019-03-11,T21,社会服务,2019-02-28,29,0.03842719583210656,,
2019-03-11,T22,传媒,2019-02-28,188,0.04616940565272424,,
2019-03-11,T23,综合,2019-02-28,27,0.03599298258739178,,
2019-03-11,T24,国防军工,2019-02-28,38,0.0381134627507014,,
2019-03-12,T01,农林牧渔,2019-02-28,72,0.037779257820668835,,
2019-03-12,T02,煤炭,2019-02-28,57,0.010591248706406426,,
2019-03-12,T03,基础化工,2019-02-28,250,0.012586599687344631,,
2019-03-12,T04,钢铁,2019-02-28,32,0.011151458194853293,,
2019-03-12,T05,有色金属,2019-02-28,107,0.009023205566762723,,
2019-03-12,T06,建筑材料,2019-02-28,166,0.014922215424122278,,
2019-03-12,T07,机械设备,2019-02-28,349,0.021754728821928013,,
2019-03-12,T08,电子,2019-02-28,154,0.02010467816579212,,
2019-03-12,T09,汽车,2019-02-28,159,0.01859951108957209,,
2019-03-12,T10,计算机,2019-02-28,86,0.02410047494629056,,
2019-03-12,T11,家用电器,2019-02-28,53,0.011233189987664469,,
2019-03-12,T12,食品饮料,2019-02-28,88,0.012729398213453997,,
2019-03-12,T13,纺织服饰,2019-02-28,80,0.013028165173463984,,
2019-03-12,T14,轻工制造,2019-02-28,110,0.018985505107488185,,
2019-03-12,T15,医药生物,2019-02-28,213,0.016201571766677834,,
2019-03-12,T16,公用事业,2019-02-28,137,0.021620863711797708,,
2019-03-12,T17,交通运输,2019-02-28,114,0.014244498528548035,,
2019-03-12,T18,房地产,2019-02-28,130,0.013128760037536791,,
2019-03-12,T19,银行,2019-02-28,103,0.013372877551348337,,
2019-03-12,T20,商贸零售,2019-02-28,103,0.011003865444269281,,
2019-03-12,T21,社会服务,2019-02-28,29,0.015010096521716166,,
2019-03-12,T22,传媒,2019-02-28,188,0.04079478840498717,,
2019-03-12,T23,综合,2019-02-28,27,0.014775594100659888,,
2019-03-12,T24,国防军工,2019-02-28,38,0.04021507200243277,,
2019-03-13,T01,农林牧渔,2019-02-28,72,-0.03482397748778291,,
2019-03-13,T02,煤炭,2019-02-28,57,-0.015355367142007463,,
2019-03-13,T03,基础化工,2019-02-28,250,-0.014638176688563981,,
2019-03-13,T04,钢铁,2019-02-28,32,-0.015714990935648442,,
2019-03-13,T05,有色金属,2019-02-28,107,-0.01483435124980521,,
2019-03-13,T06,建筑材料,2019-02-28,166,-0.011931214644451894,,
2019-03-13,T07,机械设备,2019-02-28,349,-0.016926413721251296,,
2019-03-13,T08,电子,2019-02-28,154,-0.031924527426869506,,
2019-03-13,T09,汽车,2019-02-28,159,-0.014880997689378719,,
2019-03-13,T10,计算机,2019-02-28,86,-0.04294579735561427,,
2019-03-13,T11,家用电器,2019-02-28,53,-0.017229722274664332,,
2019-03-13,T12,食品饮料,2019-02-28,88,-0.010559535717558502,,
2019-03-13,T13,纺织服饰,2019-02-28,80,-0.007895243818331904,,
2019-03-13,T14,轻工制造,2019-02-28,110,-0.009676506430968516,,
2019-03-13,T15,医药生物,2019-02-28,213,-0.007465001110708547,,
2019-03-13,T16,公用事业,2019-02-28,137,-0.01622968610486796,,
2019-03-13,T17,交通运输,2019-02-28,114,-0.011399521999104923,,
2019-03-13,T18,房地产,2019-02-28,130,0.011672862273191427,,
2019-03-13,T19,银行,2019-02-28,103,-0.014616225900950285,,
2019-03-13,T20,商贸零售,2019-02-28,103,-0.01577428630241217,,
2019-03-13,T21,社会服务,2019-02-28,29,-0.0016966270346589314,,
2019-03-13,T22,传媒,2019-02-28,188,-0.03274269906943598,,
2019-03-13,T23,综合,2019-02-28,27,-0.004847359823728924,,
2019-03-13,T24,国防军工,2019-02-28,38,-0.011848079531416329,,
2019-03-14,T01,农林牧渔,2019-02-28,72,-0.045530341654329044,,
2019-03-14,T02,煤炭,2019-02-28,57,-0.009713829641735809,,
2019-03-14,T03,基础化工,2019-02-28,250,-0.017304143140902867,,
2019-03-14,T04,钢铁,2019-02-28,32,0.0007614186011465213,,
2019-03-14,T05,有色金属,2019-02-28,107,-0.024756624912156366,,
2019-03-14,T06,建筑材料,2019-02-28,166,-0.020948591286783738,,
2019-03-14,T07,机械设备,2019-02-28,349,-0.029007583107831265,,
2019-03-14,T08,电子,2019-02-28,154,-0.03366816262637052,,
2019-03-14,T09,汽车,2019-02-28,159,-0.023405232797432306,,
2019-03-14,T10,计算机,2019-02-28,86,-0.03699410524331532,,
2019-03-14,T11,家用电器,2019-02-28,53,-0.025293029297969963,,
2019-03-14,T12,食品饮料,2019-02-28,88,-0.011830886376829901,,
2019-03-14,T13,纺织服饰,2019-02-28,80,-0.02384909669632041,,
2019-03-14,T14,轻工制造,2019-02-28,110,-0.028585947952747992,,
2019-03-14,T15,医药生物,2019-02-28,213,-0.021816220696827943,,
2019-03-14,T16,公用事业,2019-02-28,137,-0.026961978869908525,,
2019-03-14,T17,交通运输,2019-02-28,114,-0.025612875442491013,,
2019-03-14,T18,房地产,2019-02-28,130,-0.027261331408052515,,
2019-03-14,T19,银行,2019-02-28,103,-0.030533482787625865,,
2019-03-14,T20,商贸零售,2019-02-28,103,-0.030641622264799568,,
2019-03-14,T21,社会服务,2019-02-28,29,-0.02567869730192565,,
2019-03-14,T22,传媒,2019-02-28,188,-0.048466754187467674,,
2019-03-14,T23,综合,2019-02-28,27,-0.03629339090797722,,
2019-03-14,T24,国防军工,2019-02-28,38,-0.023648506596544695,,
2019-03-15,T01,农林牧渔,2019-02-28,72,0.013810987762777964,,
2019-03-15,T02,煤炭,2019-02-28,57,0.018301659280841476,,
2019-03-15,T03,基础化工,2019-02-28,250,0.02018686152810299,,
2019-03-15,T04,钢铁,2019-02-28,32,0.011883418256887227,,
2019-03-15,T05,有色金属,2019-02-28,107,0.017433622566356194,,
2019-03-15,T06,建筑材料,2019-02-28,166,0.0221464027556491,,
2019-03-15,T07,机械设备,2019-02-28,349,0.018899298366818095,,
2019-03-15,T08,电子,2019-02-28,154,0.008865900655438864,,
2019-03-15,T09,汽车,2019-02-28,159,0.016295309272523536,,
2019-03-15,T10,计算机,2019-02-28,86,0.0020693077197874916,,
2019-03-15,T11,家用电器,2019-02-28,53,0.034978219332342055,,
2019-03-15,T12,食品饮料,2019-02-28,88,0.02108052429521778,,
2019-03-15,T13,纺织服饰,2019-02-28,80,0.02617064806583073,,
2019-03-15,T14,轻工制造,2019-02-28,110,0.016576547783385482,,
2019-03-15,T15,医药生物,2019-02-28,213,0.018153891891415475,,
2019-03-15,T16,公用事业,2019-02-28,137,0.014945764933970016,,
2019-03-15,T17,交通运输,2019-02-28,114,0.022695150503541248,,
2019-03-15,T18,房地产,2019-02-28,130,0.029268830539469312,,
2019-03-15,T19,银行,2019-02-28,103,0.012776041423982372,,
2019-03-15,T20,商贸零售,2019-02-28,103,0.02609135213957476,,
2019-03-15,T21,社会服务,2019-02-28,29,0.02237879670877326,,
2019-03-15,T22,传媒,2019-02-28,188,0.005493556075307659,,
2019-03-15,T23,综合,2019-02-28,27,0.024159624983584264,,
2019-03-15,T24,国防军工,2019-02-28,38,-0.0036597737494120154,,
2019-03-18,T01,农林牧渔,2019-02-28,72,0.023048765909745743,,
2019-03-18,T02,煤炭,2019-02-28,57,0.03349501536314201,,
2019-03-18,T03,基础化工,2019-02-28,250,0.026520879431958935,,
2019-03-18,T04,钢铁,2019-02-28,32,0.04722759953346836,,
2019-03-18,T05,有色金属,2019-02-28,107,0.028821288882986042,,
2019-03-18,T06,建筑材料,2019-02-28,166,0.02826132778961522,,
2019-03-18,T07,机械设备,2019-02-28,349,0.02017722524740442,,
2019-03-18,T08,电子,2019-02-28,154,0.017956757013955705,,
2019-03-18,T09,汽车,2019-02-28,159,0.01787251881542053,,
2019-03-18,T10,计算机,2019-02-28,86,0.025003811473470805,,
2019-03-18,T11,家用电器,2019-02-28,53,0.024760512895428643,,
2019-03-18,T12,食品饮料,2019-02-28,88,0.045837721428579004,,
2019-03-18,T13,纺织服饰,2019-02-28,80,0.019753959704450277,,
2019-03-18,T14,轻工制造,2019-02-28,110,0.02025496755194503,,
2019-03-18,T15,医药生物,2019-02-28,213,0.032956868763418475,,
2019-03-18,T16,公用事业,2019-02-28,137,0.021892116889709233,,
2019-03-18,T17,交通运输,2019-02-28,114,0.019589021353860227,,
2019-03-18,T18,房地产,2019-02-28,130,0.022859357698613383,,
2019-03-18,T19,银行,2019-02-28,103,0.020545531297834128,,
2019-03-18,T20,商贸零售,2019-02-28,103,0.01881916770603372,,
2019-03-18,T21,社会服务,2019-02-28,29,0.027999628085637447,,
2019-03-18,T22,传媒,2019-02-28,188,0.02269006668549227,,
2019-03-18,T23,综合,2019-02-28,27,0.024419402055033314,,
2019-03-18,T24,国防军工,2019-02-28,38,0.018943556221065982,,
2019-03-19,T01,农林牧渔,2019-02-28,72,0.006907157304676874,,
2019-03-19,T02,煤炭,2019-02-28,57,0.0030779724636409724,,
2019-03-19,T03,基础化工,2019-02-28,250,0.003593778888778007,,
2019-03-19,T04,钢铁,2019-02-28,32,-0.007559135150715077,,
2019-03-19,T05,有色金属,2019-02-28,107,0.0036741819175063533,,
2019-03-19,T06,建筑材料,2019-02-28,166,0.0024139195522255162,,
2019-03-19,T07,机械设备,2019-02-28,349,0.006481683360738112,,
2019-03-19,T08,电子,2019-02-28,154,0.0037365101322025572,,
2019-03-19,T09,汽车,2019-02-28,159,0.0024153578411657004,,
2019-03-19,T10,计算机,2019-02-28,86,0.005983735778902328,,
2019-03-19,T11,家用电器,2019-02-28,53,0.0026509514132593342,,
2019-03-19,T12,食品饮料,2019-02-28,88,-0.005827140087826388,,
2019-03-19,T13,纺织服饰,2019-02-28,80,-0.0008613679547519459,,
2019-03-19,T14,轻工制造,2019-02-28,110,0.005832462396187146,,
2019-03-19,T15,医药生物,2019-02-28,213,-0.0003824387897748025,,
2019-03-19,T16,公用事业,2019-02-28,137,0.013938319056186307,,
2019-03-19,T17,交通运输,2019-02-28,114,0.0007302286521123489,,
2019-03-19,T18,房地产,2019-02-28,130,0.0011663873015778886,,
2019-03-19,T19,银行,2019-02-28,103,0.0009218903047864584,,
2019-03-19,T20,商贸零售,2019-02-28,103,0.0027433354293348164,,
2019-03-19,T21,社会服务,2019-02-28,29,0.008204907217748178,,
2019-03-19,T22,传媒,2019-02-28,188,0.01376897867749287,,
2019-03-19,T23,综合,2019-02-28,27,0.01118711181761419,,
2019-03-19,T24,国防军工,2019-02-28,38,0.01683095640485145,,
2019-03-20,T01,农林牧渔,2019-02-28,72,-0.004080208661779596,,
2019-03-20,T02,煤炭,2019-02-28,57,0.0014825284832260786,,
2019-03-20,T03,基础化工,2019-02-28,250,0.0030401282363226494,,
2019-03-20,T04,钢铁,2019-02-28,32,0.001173733401505863,,
2019-03-20,T05,有色金属,2019-02-28,107,-0.0038671344233241526,,
2019-03-20,T06,建筑材料,2019-02-28,166,0.007582217317822422,,
2019-03-20,T07,机械设备,2019-02-28,349,1.3180769582517512e-05,,
2019-03-20,T08,电子,2019-02-28,154,-0.009181810332106272,,
2019-03-20,T09,汽车,2019-02-28,159,0.0006317479463402345,,
2019-03-20,T10,计算机,2019-02-28,86,-0.004385461940108719,,
2019-03-20,T11,家用电器,2019-02-28,53,-0.004918061216699723,,
2019-03-20,T12,食品饮料,2019-02-28,88,0.010016964767232055,,
2019-03-20,T13,纺织服饰,2019-02-28,80,0.001331740087473543,,
2019-03-20,T14,轻工制造,2019-02-28,110,0.003640949319311734,,
2019-03-20,T15,医药生物,2019-02-28,213,0.0028911473051799375,,
2019-03-20,T16,公用事业,2019-02-28,137,0.006538183088239693,,
2019-03-20,T17,交通运输,2019-02-28,114,0.007039795446566995,,
2019-03-20,T18,房地产,2019-02-28,130,0.008145941784113231,,
2019-03-20,T19,银行,2019-02-28,103,0.013908350643477644,,
2019-03-20,T20,商贸零售,2019-02-28,103,0.003716084730604226,,
2019-03-20,T21,社会服务,2019-02-28,29,0.02486892747587978,,
2019-03-20,T22,传媒,2019-02-28,188,4.105856736460904e-05,,
2019-03-20,T23,综合,2019-02-28,27,0.015484270574342627,,
2019-03-20,T24,国防军工,2019-02-28,38,-0.008507220668908624,,
2019-03-21,T01,农林牧渔,2019-02-28,72,0.010544021114826588,,
2019-03-21,T02,煤炭,2019-02-28,57,-0.0008169094238822492,,
2019-03-21,T03,基础化工,2019-02-28,250,0.007190840490529992,,
2019-03-21,T04,钢铁,2019-02-28,32,0.0007617947546242551,,
2019-03-21,T05,有色金属,2019-02-28,107,0.01474197082529444,,
2019-03-21,T06,建筑材料,2019-02-28,166,0.008711589684239471,,
2019-03-21,T07,机械设备,2019-02-28,349,0.00876741960718828,,
2019-03-21,T08,电子,2019-02-28,154,0.01676041087342219,,
2019-03-21,T09,汽车,2019-02-28,159,0.008553045451447057,,
2019-03-21,T10,计算机,2019-02-28,86,0.01924928841427886,,
2019-03-21,T11,家用电器,2019-02-28,53,0.012097101374313168,,
2019-03-21,T12,食品饮料,2019-02-28,88,9.658654154272936e-05,,
2019-03-21,T13,纺织服饰,2019-02-28,80,0.01162462260529084,,
2019-03-21,T14,轻工制造,2019-02-28,110,0.012412974813986918,,
2019-03-21,T15,医药生物,2019-02-28,213,0.01245287143108209,,
2019-03-21,T16,公用事业,2019-02-28,137,0.012311991043628467,,
2019-03-21,T17,交通运输,2019-02-28,114,0.008175360607914737,,
2019-03-21,T18,房地产,2019-02-28,130,0.007865607678968545,,
2019-03-21,T19,银行,2019-02-28,103,0.010689620487932571,,
2019-03-21,T20,商贸零售,2019-02-28,103,0.009460402490148737,,
2019-03-21,T21,社会服务,2019-02-28,29,0.015320862044322484,,
2019-03-21,T22,传媒,2019-02-28,188,0.027620871657424724,,
2019-03-21,T23,综合,2019-02-28,27,0.022303487052125766,,
2019-03-21,T24,国防军工,2019-02-28,38,0.006853587688845136,,
2019-03-22,T01,农林牧渔,2019-02-28,72,-0.00278028875924864,,
2019-03-22,T02,煤炭,2019-02-28,57,-0.001257883556790139,,
2019-03-22,T03,基础化工,2019-02-28,250,0.007547120775967569,,
2019-03-22,T04,钢铁,2019-02-28,32,-0.000844120858300889,,
2019-03-22,T05,有色金属,2019-02-28,107,-0.0047578921084024265,,
2019-03-22,T06,建筑材料,2019-02-28,166,0.010214304051739322,,
2019-03-22,T07,机械设备,2019-02-28,349,0.0014465026942092377,,
2019-03-22,T08,电子,2019-02-28,154,0.007233533856798595,,
2019-03-22,T09,汽车,2019-02-28,159,0.008855495101582353,,
2019-03-22,T10,计算机,2019-02-28,86,0.004083883110144359,,
2019-03-22,T11,家用电器,2019-02-28,53,0.005907918052377175,,
2019-03-22,T12,食品饮料,2019-02-28,88,0.009732537115731249,,
2019-03-22,T13,纺织服饰,2019-02-28,80,0.013991724127949034,,
2019-03-22,T14,轻工制造,2019-02-28,110,0.01266373070933467,,
2019-03-22,T15,医药生物,2019-02-28,213,0.008470491768623857,,
2019-03-22,T16,公用事业,2019-02-28,137,0.005497009375150761,,
2019-03-22,T17,交通运输,2019-02-28,114,0.014816874439780412,,
2019-03-22,T18,房地产,2019-02-28,130,0.013894931263978389,,
2019-03-22,T19,银行,2019-02-28,103,-0.010388088937459107,,
2019-03-22,T20,商贸零售,2019-02-28,103,0.011368315486736825,,
2019-03-22,T21,社会服务,2019-02-28,29,0.038631732262483516,,
2019-03-22,T22,传媒,2019-02-28,188,-0.0005299112083414156,,
2019-03-22,T23,综合,2019-02-28,27,0.0058950861712242265,,
2019-03-22,T24,国防军工,2019-02-28,38,0.0114502383459607,,
2019-03-25,T01,农林牧渔,2019-02-28,72,-0.004372426766720382,,
2019-03-25,T02,煤炭,2019-02-28,57,-0.015538906497101856,,
2019-03-25,T03,基础化工,2019-02-28,250,-0.003897533929173921,,
2019-03-25,T04,钢铁,2019-02-28,32,-0.018435975882918496,,
2019-03-25,T05,有色金属,2019-02-28,107,-0.01335584463906373,,
2019-03-25,T06,建筑材料,2019-02-28,166,-0.012323743709106279,,
2019-03-25,T07,机械设备,2019-02-28,349,-0.0038989771150144048,,
2019-03-25,T08,电子,2019-02-28,154,-0.005352355812030087,,
2019-03-25,T09,汽车,2019-02-28,159,-0.01037146791159868,,
2019-03-25,T10,计算机,2019-02-28,86,-0.0003095766939950333,,
2019-03-25,T11,家用电器,2019-02-28,53,-0.007373676272128996,,
2019-03-25,T12,食品饮料,2019-02-28,88,-0.01589133378183045,,
2019-03-25,T13,纺织服饰,2019-02-28,80,-0.001883998303202837,,
2019-03-25,T14,轻工制造,2019-02-28,110,-0.0022574883762930486,,
2019-03-25,T15,医药生物,2019-02-28,213,-0.010385036797961756,,
2019-03-25,T16,公用事业,2019-02-28,137,-0.015008166280947475,,
2019-03-25,T17,交通运输,2019-02-28,114,-0.01785096042320089,,
2019-03-25,T18,房地产,2019-02-28,130,-0.008989256961346524,,
2019-03-25,T19,银行,2019-02-28,103,-0.03426099644903147,,
2019-03-25,T20,商贸零售,2019-02-28,103,-0.010967028035039383,,
2019-03-25,T21,社会服务,2019-02-28,29,-0.006984462258903796,,
2019-03-25,T22,传媒,2019-02-28,188,-0.019084846247728212,,
2019-03-25,T23,综合,2019-02-28,27,-0.009095142798553222,,
2019-03-25,T24,国防军工,2019-02-28,38,0.0494416646549279,,
2019-03-26,T01,农林牧渔,2019-02-28,72,-0.016468406448029407,,
2019-03-26,T02,煤炭,2019-02-28,57,-0.022651547551416865,,
2019-03-26,T03,基础化工,2019-02-28,250,-0.025359214702016415,,
2019-03-26,T04,钢铁,2019-02-28,32,-0.025323289042363153,,
2019-03-26,T05,有色金属,2019-02-28,107,-0.024690971981743418,,
2019-03-26,T06,建筑材料,2019-02-28,166,-0.022247751218522648,,
2019-03-26,T07,机械设备,2019-02-28,349,-0.026863445505723615,,
2019-03-26,T08,电子,2019-02-28,154,-0.029711257211719334,,
2019-03-26,T09,汽车,2019-02-28,159,-0.027682511631455773,,
2019-03-26,T10,计算机,2019-02-28,86,-0.02848333973333944,,
2019-03-26,T11,家用电器,2019-02-28,53,-0.03174285964873549,,
2019-03-26,T12,食品饮料,2019-02-28,88,-0.01053692502234143,,
2019-03-26,T13,纺织服饰,2019-02-28,80,-0.01615586296829466,,
2019-03-26,T14,轻工制造,2019-02-28,110,-0.01700317424370551,,
2019-03-26,T15,医药生物,2019-02-28,213,-0.02578081479311351,,
2019-03-26,T16,公用事业,2019-02-28,137,-0.030366074369242765,,
2019-03-26,T17,交通运输,2019-02-28,114,-0.019699912119874145,,
2019-03-26,T18,房地产,2019-02-28,130,-0.027091683063726862,,
2019-03-26,T19,银行,2019-02-28,103,-0.023109732337693957,,
2019-03-26,T20,商贸零售,2019-02-28,103,-0.028595124337517888,,
2019-03-26,T21,社会服务,2019-02-28,29,-0.023111672734223494,,
2019-03-26,T22,传媒,2019-02-28,188,-0.027539505716512334,,
2019-03-26,T23,综合,2019-02-28,27,-0.022432587166728465,,
2019-03-26,T24,国防军工,2019-02-28,38,-0.059943865697145146,,
2019-03-27,T01,农林牧渔,2019-02-28,72,-0.006788165050149891,,
2019-03-27,T02,煤炭,2019-02-28,57,0.0037892552585571406,,
2019-03-27,T03,基础化工,2019-02-28,250,0.014453472287529795,,
2019-03-27,T04,钢铁,2019-02-28,32,0.009729689290520361,,
2019-03-27,T05,有色金属,2019-02-28,107,-0.002782615835576121,,
2019-03-27,T06,建筑材料,2019-02-28,166,0.0018470608510608463,,
2019-03-27,T07,机械设备,2019-02-28,349,0.0038546640078791702,,
2019-03-27,T08,电子,2019-02-28,154,0.0036495501978145253,,
2019-03-27,T09,汽车,2019-02-28,159,-0.0025992421721027148,,
2019-03-27,T10,计算机,2019-02-28,86,-0.0016444486514236771,,
2019-03-27,T11,家用电器,2019-02-28,53,0.012477308565301853,,
2019-03-27,T12,食品饮料,2019-02-28,88,0.022301263906843824,,
2019-03-27,T13,纺织服饰,2019-02-28,80,0.015339670155401997,,
2019-03-27,T14,轻工制造,2019-02-28,110,0.015269931090345912,,
2019-03-27,T15,医药生物,2019-02-28,213,0.028430242092562823,,
2019-03-27,T16,公用事业,2019-02-28,137,0.0013039581495829073,,
2019-03-27,T17,交通运输,2019-02-28,114,0.014367094801912257,,
2019-03-27,T18,房地产,2019-02-28,130,0.003711273599077863,,
2019-03-27,T19,银行,2019-02-28,103,0.007453863957375418,,
2019-03-27,T20,商贸零售,2019-02-28,103,0.00835640265204476,,
2019-03-27,T21,社会服务,2019-02-28,29,0.02244611754017049,,
2019-03-27,T22,传媒,2019-02-28,188,-0.0026272876196343493,,
2019-03-27,T23,综合,2019-02-28,27,-0.010219664296179425,,
2019-03-27,T24,国防军工,2019-02-28,38,-0.012430876646913348,,
2019-03-28,T01,农林牧渔,2019-02-28,72,-0.0187128967437221,,
2019-03-28,T02,煤炭,2019-02-28,57,-0.012683207180401989,,
2019-03-28,T03,基础化工,2019-02-28,250,-0.012462924312967742,,
2019-03-28,T04,钢铁,2019-02-28,32,-0.01996460541726682,,
2019-03-28,T05,有色金属,2019-02-28,107,-0.018513263186123095,,
2019-03-28,T06,建筑材料,2019-02-28,166,-0.016788965307105507,,
2019-03-28,T07,机械设备,2019-02-28,349,-0.011810230277282372,,
2019-03-28,T08,电子,2019-02-28,154,-0.00814115886700295,,
2019-03-28,T09,汽车,2019-02-28,159,-0.01531539076064282,,
2019-03-28,T10,计算机,2019-02-28,86,0.0020413751445171194,,
2019-03-28,T11,家用电器,2019-02-28,53,-0.012176994592728538,,
2019-03-28,T12,食品饮料,2019-02-28,88,-0.009002865077438431,,
2019-03-28,T13,纺织服饰,2019-02-28,80,-0.01588330546810584,,
2019-03-28,T14,轻工制造,2019-02-28,110,-0.012193423860541426,,
2019-03-28,T15,医药生物,2019-02-28,213,-0.0206983358020578,,
2019-03-28,T16,公用事业,2019-02-28,137,-0.012549698652217393,,
2019-03-28,T17,交通运输,2019-02-28,114,-0.005624304662963777,,
2019-03-28,T18,房地产,2019-02-28,130,-0.021244600578384065,,
2019-03-28,T19,银行,2019-02-28,103,-0.012930355228352522,,
2019-03-28,T20,商贸零售,2019-02-28,103,-0.013614933918085275,,
2019-03-28,T21,社会服务,2019-02-28,29,-0.021580826546010082,,
2019-03-28,T22,传媒,2019-02-28,188,-0.017419235385227414,,
2019-03-28,T23,综合,2019-02-28,27,-0.024991223383616968,,
2019-03-28,T24,国防军工,2019-02-28,38,-0.007091805245427883,,
2019-03-29,T01,农林牧渔,2019-02-28,72,0.030601031583222263,0.10596433710061848,0.5416666666666666
2019-03-29,T02,煤炭,2019-02-28,57,0.033242384334459876,0.04848833263984953,0.125
2019-03-29,T03,基础化工,2019-02-28,250,0.022278245615585997,0.10496148279817019,0.4583333333333333
2019-03-29,T04,钢铁,2019-02-28,32,0.025809393098236304,0.02545982070682018,0.041666666666666664
2019-03-29,T05,有色金属,2019-02-28,107,0.024518136596167178,0.056003242677856724,0.16666666666666666
2019-03-29,T06,建筑材料,2019-02-28,166,0.026893159566671907,0.09624777878723068,0.375
2019-03-29,T07,机械设备,2019-02-28,349,0.023244114656614596,0.10030700670661896,0.4166666666666667
2019-03-29,T08,电子,2019-02-28,154,0.023162440453356845,0.10606710375325945,0.5833333333333334
2019-03-29,T09,汽车,2019-02-28,159,0.02344304737747528,0.06917208657696694,0.20833333333333334
2019-03-29,T10,计算机,2019-02-28,86,0.019254540088239687,0.11326979854174479,0.625
2019-03-29,T11,家用电器,2019-02-28,53,0.02395888253151119,0.12517761444746855,0.7916666666666666
2019-03-29,T12,食品饮料,2019-02-28,88,0.027059139792509557,0.12969267076931512,0.9166666666666666
2019-03-29,T13,纺织服饰,2019-02-28,80,0.017531494822531014,0.10593494809353454,0.5
2019-03-29,T14,轻工制造,2019-02-28,110,0.020244980023551698,0.12856885078602254,0.875
2019-03-29,T15,医药生物,2019-02-28,213,0.021479714687063178,0.12735450921844627,0.8333333333333334
2019-03-29,T16,公用事业,2019-02-28,137,0.023379710994000866,0.07741097947580622,0.2916666666666667
2019-03-29,T17,交通运输,2019-02-28,114,0.018225774076836367,0.09579762298436267,0.3333333333333333
2019-03-29,T18,房地产,2019-02-28,130,0.03768570302171752,0.1137934501065041,0.7083333333333334
2019-03-29,T19,银行,2019-02-28,103,0.05689759621190639,0.03066493051681385,0.08333333333333333
2019-03-29,T20,商贸零售,2019-02-28,103,0.028117513426811545,0.07687099682177889,0.25
2019-03-29,T21,社会服务,2019-02-28,29,0.01969225789222876,0.17122452461727278,1.0
2019-03-29,T22,传媒,2019-02-28,188,0.032206327998929786,0.13228118455035576,0.9583333333333334
2019-03-29,T23,综合,2019-02-28,27,0.025356783959150683,0.11371173412940738,0.6666666666666666
2019-03-29,T24,国防军工,2019-02-28,38,0.03899501184144799,0.11891016181331926,0.75
2019-04-01,T01,农林牧渔,2019-03-31,73,0.038483614097715585,0.11320010942958114,0.3333333333333333
2019-04-01,T02,煤炭,2019-03-31,58,0.038206664176245804,0.08103353576943517,0.16666666666666666
2019-04-01,T03,基础化工,2019-03-31,250,0.03736971782784001,0.13236683039706576,0.6666666666666666
2019-04-01,T04,钢铁,2019-03-31,32,0.03678259367090655,0.050677464397675065,0.08333333333333333
2019-04-01,T05,有色金属,2019-03-31,107,0.044606911073710655,0.07981466603154597,0.125
2019-04-01,T06,建筑材料,2019-03-31,167,0.034413359694384214,0.11645521797749314,0.4166666666666667
2019-04-01,T07,机械设备,2019-03-31,347,0.034517923364486634,0.11968516366332604,0.4583333333333333
2019-04-01,T08,电子,2019-03-31,154,0.03502669136844211,0.12105820663603262,0.5
2019-04-01,T09,汽车,2019-03-31,160,0.03500957129978165,0.09328565092119634,0.2916666666666667
2019-04-01,T10,计算机,2019-03-31,86,0.0393412686902624,0.12872804644104408,0.625
2019-04-01,T11,家用电器,2019-03-31,52,0.04351452684212805,0.13643378744316936,0.75
2019-04-01,T12,食品饮料,2019-03-31,88,0.02784713974353412,0.14783222866572898,0.875
2019-04-01,T13,纺织服饰,2019-03-31,81,0.028050504686756333,0.12370724888705986,0.5416666666666666
2019-04-01,T14,轻工制造,2019-03-31,110,0.03670036128608658,0.1529038837525627,0.9166666666666666
2019-04-01,T15,医药生物,2019-03-31,217,0.03158140260217068,0.14424738074909005,0.8333333333333334
2019-04-01,T16,公用事业,2019-03-31,137,0.028503093933089255,0.08685477044231416,0.20833333333333334
2019-04-01,T17,交通运输,2019-03-31,114,0.03373882175848795,0.11610642406742389,0.375
2019-04-01,T18,房地产,2019-03-31,130,0.03244452591695525,0.1266404912193846,0.5833333333333334
2019-04-01,T19,银行,2019-03-31,104,0.02533000381129907,0.03879266678023141,0.041666666666666664
2019-04-01,T20,商贸零售,2019-03-31,101,0.02873456036982013,0.09299825262969419,0.25
2019-04-01,T21,社会服务,2019-03-31,29,0.03225276158694608,0.19579717024677312,1.0
2019-04-01,T22,传媒,2019-03-31,189,0.04503385594320563,0.15463630217859614,0.9583333333333334
2019-04-01,T23,综合,2019-03-31,26,0.02857312192951587,0.13353604759157212,0.7083333333333334
2019-04-01,T24,国防军工,2019-03-31,39,0.04002263218595414,0.14170108138817228,0.7916666666666666
2019-04-02,T01,农林牧渔,2019-03-31,73,-0.0009617002968360716,0.084766369602997,0.375
2019-04-02,T02,煤炭,2019-03-31,58,0.012611282210446067,0.0814380819385947,0.3333333333333333
2019-04-02,T03,基础化工,2019-03-31,250,0.015563791880374742,0.12834430176593425,0.875
2019-04-02,T04,钢铁,2019-03-31,32,0.0009378310405992914,0.04705458581656119,0.08333333333333333
2019-04-02,T05,有色金属,2019-03-31,107,0.01860162067604487,0.07805346236822186,0.20833333333333334
2019-04-02,T06,建筑材料,2019-03-31,167,0.006784203197852116,0.10030822258660632,0.5416666666666666
2019-04-02,T07,机械设备,2019-03-31,347,0.004522448640358909,0.0947444249815943,0.5
2019-04-02,T08,电子,2019-03-31,154,0.00274006377598836,0.07831809080159347,0.2916666666666667
2019-04-02,T09,汽车,2019-03-31,160,0.009807277429286413,0.0782592880415991,0.25
2019-04-02,T10,计算机,2019-03-31,86,0.006527545063218523,0.08507600195441656,0.4166666666666667
2019-04-02,T11,家用电器,2019-03-31,52,-0.0042541754055544995,0.09013702717742067,0.4583333333333333
2019-04-02,T12,食品饮料,2019-03-31,88,-0.0027662601501148086,0.1307898031064143,0.9583333333333334
2019-04-02,T13,纺织服饰,2019-03-31,81,0.00020865936368990118,0.10417000947267452,0.625
2019-04-02,T14,轻工制造,2019-03-31,110,0.005118911582239706,0.1301019177404228,0.9166666666666666
2019-04-02,T15,医药生物,2019-03-31,217,0.004281763010375969,0.1270573265619348,0.8333333333333334
2019-04-02,T16,公用事业,2019-03-31,137,0.0009422903562976387,0.06981586561758468,0.125
2019-04-02,T17,交通运输,2019-03-31,114,0.0026554687004948776,0.10301031205997768,0.5833333333333334
2019-04-02,T18,房地产,2019-03-31,130,0.008184195914247355,0.10732374433364766,0.6666666666666666
2019-04-02,T19,银行,2019-03-31,104,0.003913137344312788,0.03633899487354775,0.041666666666666664
2019-04-02,T20,商贸零售,2019-03-31,101,0.0038577002273573677,0.07444666454329574,0.16666666666666666
2019-04-02,T21,社会服务,2019-03-31,29,0.0007269747324756003,0.18165627816773156,1.0
2019-04-02,T22,传媒,2019-03-31,189,0.009137586968673624,0.11936942986025811,0.75
2019-04-02,T23,综合,2019-03-31,26,0.011575608277440256,0.11128825998209746,0.7083333333333334
2019-04-02,T24,国防军工,2019-03-31,39,0.01759620931046551,0.11975818919048109,0.7916666666666666
2019-04-03,T01,农林牧渔,2019-03-31,73,0.007641399763075872,0.07481847602488667,0.375
2019-04-03,T02,煤炭,2019-03-31,58,0.025657824219806002,0.08198873375048299,0.5
2019-04-03,T03,基础化工,2019-03-31,250,0.006536080082355368,0.11266975799410939,0.75
2019-04-03,T04,钢铁,2019-03-31,32,0.018172512172758438,0.030198357169144652,0.08333333333333333
2019-04-03,T05,有色金属,2019-03-31,107,0.0005903458757796268,0.04994807009857216,0.125
2019-04-03,T06,建筑材料,2019-03-31,167,0.015120081267372309,0.0960937683222598,0.5416666666666666
2019-04-03,T07,机械设备,2019-03-31,347,0.008782549663661932,0.07977451481862152,0.4583333333333333
2019-04-03,T08,电子,2019-03-31,154,0.007215004722072295,0.06874694270519699,0.2916666666666667
2019-04-03,T09,汽车,2019-03-31,160,0.015558289086527394,0.06555395972500633,0.25
2019-04-03,T10,计算机,2019-03-31,86,-0.0007019259015825243,0.05854379598663684,0.20833333333333334
2019-04-03,T11,家用电器,2019-03-31,52,0.010021465075445702,0.07003862865819754,0.3333333333333333
2019-04-03,T12,食品饮料,2019-03-31,88,0.010410937914929813,0.1307687780109914,0.9583333333333334
2019-04-03,T13,纺织服饰,2019-03-31,81,0.015546548226560822,0.09661153065222039,0.5833333333333334
2019-04-03,T14,轻工制造,2019-03-31,110,0.008227744711984935,0.11604494257181885,0.8333333333333334
2019-04-03,T15,医药生物,2019-03-31,217,0.008029604949761652,0.11521896041046431,0.7916666666666666
2019-04-03,T16,公用事业,2019-03-31,137,0.008074683965444435,0.05600523944251523,0.16666666666666666
2019-04-03,T17,交通运输,2019-03-31,114,0.03578612557118822,0.11875916002039189,0.875
2019-04-03,T18,房地产,2019-03-31,130,0.01759967185935396,0.10760497506968925,0.7083333333333334
2019-04-03,T19,银行,2019-03-31,104,0.024874641142486335,0.018370120495015296,0.041666666666666664
2019-04-03,T20,商贸零售,2019-03-31,101,0.022797009313145235,0.0788047829825429,0.4166666666666667
2019-04-03,T21,社会服务,2019-03-31,29,0.004383401238610562,0.16776047591538923,1.0
2019-04-03,T22,传媒,2019-03-31,189,0.014549181122814113,0.10366441951040462,0.6666666666666666
2019-04-03,T23,综合,2019-03-31,26,0.017128779725498776,0.10274491270495889,0.625
2019-04-03,T24,国防军工,2019-03-31,39,0.011524407042321076,0.12242202091778731,0.9166666666666666
2019-04-04,T01,农林牧渔,2019-03-31,73,0.00931169751694125,0.06284999086466225,0.4166666666666667
2019-04-04,T02,煤炭,2019-03-31,58,0.015191537207037292,0.07847598884103757,0.5833333333333334
2019-04-04,T03,基础化工,2019-03-31,250,0.021114075639818992,0.1200016079123567,0.9166666666666666
2019-04-04,T04,钢铁,2019-03-31,32,0.005490333091618411,0.03674061896585101,0.16666666666666666
2019-04-04,T05,有色金属,2019-03-31,107,0.006773398161160056,0.02405105121019968,0.08333333333333333
2019-04-04,T06,建筑材料,2019-03-31,167,0.0021008379980705294,0.07879404457500216,0.625
2019-04-04,T07,机械设备,2019-03-31,347,-0.00043838340813656787,0.06293040623555712,0.4583333333333333
2019-04-04,T08,电子,2019-03-31,154,-0.0015833033623531582,0.050666317410879236,0.25
2019-04-04,T09,汽车,2019-03-31,160,0.009578787537735271,0.055129531047598324,0.2916666666666667
2019-04-04,T10,计算机,2019-03-31,86,-0.0014618359872720823,0.030840007806916425,0.125
2019-04-04,T11,家用电器,2019-03-31,52,0.00036868016032946924,0.058821699898432556,0.375
2019-04-04,T12,食品饮料,2019-03-31,88,0.011565019312904984,0.1340384700113073,0.9583333333333334
2019-04-04,T13,纺织服饰,2019-03-31,81,-0.00024345645571555437,0.07841530845129507,0.5416666666666666
2019-04-04,T14,轻工制造,2019-03-31,110,0.0021022314867130336,0.09475644884953693,0.7083333333333334
2019-04-04,T15,医药生物,2019-03-31,217,0.004669164200056862,0.10803671199399512,0.7916666666666666
2019-04-04,T16,公用事业,2019-03-31,137,0.005069374183812191,0.04233606585661831,0.20833333333333334
2019-04-04,T17,交通运输,2019-03-31,114,0.01276421682673834,0.11012223811984212,0.8333333333333334
2019-04-04,T18,房地产,2019-03-31,130,0.005561795671620938,0.10290510854646451,0.75
2019-04-04,T19,银行,2019-03-31,104,0.0032213974861026356,-0.00048571987160095365,0.041666666666666664
2019-04-04,T20,商贸零售,2019-03-31,101,0.0015119655639919414,0.05757651447442136,0.3333333333333333
2019-04-04,T21,社会服务,2019-03-31,29,0.012377664718134963,0.16728488202993974,1.0
2019-04-04,T22,传媒,2019-03-31,189,-0.0030693026272519625,0.06653863957341355,0.5
2019-04-04,T23,综合,2019-03-31,26,0.009162673723646656,0.08779781817982313,0.6666666666666666
2019-04-04,T24,国防军工,2019-03-31,39,-0.0014889526685188577,0.11389020244143078,0.875
2019-04-08,T01,农林牧渔,2019-03-31,73,0.014606457014900617,0.10432381035650806,0.25
2019-04-08,T02,煤炭,2019-03-31,58,0.020353935154155327,0.17334950995399856,0.875
2019-04-08,T03,基础化工,2019-03-31,250,0.03312485800530195,0.21572550350247854,1.0
2019-04-08,T04,钢铁,2019-03-31,32,0.04642226218096528,0.16097425539232502,0.8333333333333334
2019-04-08,T05,有色金属,2019-03-31,107,0.011751543360683318,0.10492364097471651,0.2916666666666667
2019-04-08,T06,建筑材料,2019-03-31,167,0.004233102641306936,0.1428144447431623,0.5416666666666666
2019-04-08,T07,机械设备,2019-03-31,347,-0.006266817116333104,0.1137161202409025,0.4583333333333333
2019-04-08,T08,电子,2019-03-31,154,-0.023112136775203008,0.044189508221990303,0.041666666666666664
2019-04-08,T09,汽车,2019-03-31,160,-0.00593699091701782,0.10753476868409328,0.4166666666666667
2019-04-08,T10,计算机,2019-03-31,86,-0.019259783097968265,0.04570778280808874,0.08333333333333333
2019-04-08,T11,家用电器,2019-03-31,52,-0.008910828228079436,0.10692704343607096,0.375
2019-04-08,T12,食品饮料,2019-03-31,88,0.0012733752341245262,0.1802925707991363,0.9166666666666666
2019-04-08,T13,纺织服饰,2019-03-31,81,0.0010305040031744312,0.1379065670952151,0.5
2019-04-08,T14,轻工制造,2019-03-31,110,-0.0025159112561808127,0.14892958614404894,0.625
2019-04-08,T15,医药生物,2019-03-31,217,0.006162074428815342,0.15978794102049476,0.75
2019-04-08,T16,公用事业,2019-03-31,137,-0.00604295270081553,0.0974877728974628,0.20833333333333334
2019-04-08,T17,交通运输,2019-03-31,114,-0.01150437523652422,0.1608439144128373,0.7916666666666666
2019-04-08,T18,房地产,2019-03-31,130,-0.009035486545474468,0.15965423528345446,0.7083333333333334
2019-04-08,T19,银行,2019-03-31,104,-0.01192782090324964,0.06872344152618326,0.125
2019-04-08,T20,商贸零售,2019-03-31,101,-0.008083865272835236,0.10636618909314643,0.3333333333333333
2019-04-08,T21,社会服务,2019-03-31,29,-0.005354433915745764,0.21379554073968743,0.9583333333333334
2019-04-08,T22,传媒,2019-03-31,189,-0.019708187534125957,0.08264442520956794,0.16666666666666666
2019-04-08,T23,综合,2019-03-31,26,0.004226476400668007,0.14827894952473186,0.5833333333333334
2019-04-08,T24,国防军工,2019-03-31,39,-0.011955691106137681,0.1527388032550352,0.6666666666666666
2019-04-09,T01,农林牧渔,2019-03-31,73,-0.008187036795646257,0.046504565770054906,0.16666666666666666
2019-04-09,T02,煤炭,2019-03-31,58,-0.00841303084637687,0.13444930802234345,0.8333333333333334
2019-04-09,T03,基础化工,2019-03-31,250,-0.01977569151702833,0.14359927386696314,0.9166666666666666
2019-04-09,T04,钢铁,2019-03-31,32,-0.0238172407518801,0.10520336739827263,0.5833333333333334
2019-04-09,T05,有色金属,2019-03-31,107,-0.01261237510957794,0.05868658665126825,0.25
2019-04-09,T06,建筑材料,2019-03-31,167,-0.00033478522143898405,0.10335556736651719,0.5
2019-04-09,T07,机械设备,2019-03-31,347,0.009878633825140216,0.06658926191636083,0.3333333333333333
2019-04-09,T08,电子,2019-03-31,154,0.008914547344993754,0.009311808183109616,0.041666666666666664
2019-04-09,T09,汽车,2019-03-31,160,0.012216320381231518,0.07893572562238838,0.4166666666666667
2019-04-09,T10,计算机,2019-03-31,86,0.01594527962223572,0.023531180439043675,0.08333333333333333
2019-04-09,T11,家用电器,2019-03-31,52,0.017819144118058735,0.08783867255296185,0.4583333333333333
2019-04-09,T12,食品饮料,2019-03-31,88,0.004381930947163817,0.14455275375740095,0.9583333333333334
2019-04-09,T13,纺织服饰,2019-03-31,81,0.004187918019793386,0.10393404079578716,0.5416666666666666
2019-04-09,T14,轻工制造,2019-03-31,110,0.004134504284600192,0.11350708343237281,0.7083333333333334
2019-04-09,T15,医药生物,2019-03-31,217,0.012681445925653035,0.12617970084686636,0.7916666666666666
2019-04-09,T16,公用事业,2019-03-31,137,0.008441464895367044,0.06457982795447892,0.2916666666666667
2019-04-09,T17,交通运输,2019-03-31,114,-0.0009058089260610029,0.11532676631371941,0.75
2019-04-09,T18,房地产,2019-03-31,130,0.01684840878072435,0.14202772601036928,0.875
2019-04-09,T19,银行,2019-03-31,104,-0.0001957225527886372,0.052876265732446415,0.20833333333333334
2019-04-09,T20,商贸零售,2019-03-31,101,0.0055260163970894385,0.07403398429636265,0.375
2019-04-09,T21,社会服务,2019-03-31,29,0.016127238147460258,0.18772959282831891,1.0
2019-04-09,T22,传媒,2019-03-31,189,0.00831168053486082,0.04346677880879324,0.125
2019-04-09,T23,综合,2019-03-31,26,0.0024533440798650188,0.11110412158653782,0.625
2019-04-09,T24,国防军工,2019-03-31,39,0.0019249145400268507,0.11255442529178783,0.6666666666666666
2019-04-10,T01,农林牧渔,2019-03-31,73,-0.0017770081182164838,0.006615723708604193,0.16666666666666666
2019-04-10,T02,煤炭,2019-03-31,58,-0.007863683343645752,0.1137325395755755,0.7916666666666666
2019-04-10,T03,基础化工,2019-03-31,250,-4.762359546992867e-05,0.12933038212322345,0.875
2019-04-10,T04,钢铁,2019-03-31,32,-0.014167079396852106,0.07752983463799978,0.5416666666666666
2019-04-10,T05,有色金属,2019-03-31,107,-0.006404996194405568,0.04249902013090834,0.3333333333333333
2019-04-10,T06,建筑材料,2019-03-31,167,-0.002776945649746328,0.08411422294446314,0.5833333333333334
2019-04-10,T07,机械设备,2019-03-31,347,-0.0015877432879894495,0.042222523601651796,0.2916666666666667
2019-04-10,T08,电子,2019-03-31,154,-0.0051300027824436305,-0.015655885821179827,0.041666666666666664
2019-04-10,T09,汽车,2019-03-31,160,0.010568471542795067,0.07042897160712713,0.4583333333333333
2019-04-10,T10,计算机,2019-03-31,86,-0.0033802005601646407,-0.003934218638970699,0.125
2019-04-10,T11,家用电器,2019-03-31,52,-0.001310170836263148,0.07434509547978352,0.5
2019-04-10,T12,食品饮料,2019-03-31,88,0.007005923745222125,0.13808427513395927,0.9583333333333334
2019-04-10,T13,纺织服饰,2019-03-31,81,-0.0014018075888834274,0.08820916888427077,0.6666666666666666
2019-04-10,T14,轻工制造,2019-03-31,110,0.0012457706497396345,0.09412180279991866,0.7083333333333334
2019-04-10,T15,医药生物,2019-03-31,217,0.020984351773992303,0.131480095874291,0.9166666666666666
2019-04-10,T16,公用事业,2019-03-31,137,4.695029683485736e-05,0.04209873555767629,0.25
2019-04-10,T17,交通运输,2019-03-31,114,0.006181798722528433,0.1064605166910173,0.75
2019-04-10,T18,房地产,2019-03-31,130,0.0007451655768099278,0.1280685840141489,0.8333333333333334
2019-04-10,T19,银行,2019-03-31,104,-0.007241503790043512,0.03145829281456547,0.20833333333333334
2019-04-10,T20,商贸零售,2019-03-31,101,0.004848090814095611,0.0674944334811236,0.4166666666666667
2019-04-10,T21,社会服务,2019-03-31,29,0.00012676333315481318,0.1703136328013637,1.0
2019-04-10,T22,传媒,2019-03-31,189,-0.008208875134286942,-0.005662689855743697,0.08333333333333333
2019-04-10,T23,综合,2019-03-31,26,-0.009398591047893768,0.08463517918123875,0.625
2019-04-10,T24,国防军工,2019-03-31,39,-0.012469855897506403,0.056205645833688145,0.375
2019-04-11,T01,农林牧渔,2019-03-31,73,-0.003742455780170056,0.03903172632151364,0.25
2019-04-11,T02,煤炭,2019-03-31,58,-0.012176859898552647,0.117327752331712,0.9166666666666666
2019-04-11,T03,基础化工,2019-03-31,250,-0.023424749564643303,0.1192600267786772,0.9583333333333334
2019-04-11,T04,钢铁,2019-03-31,32,-0.020830501188940125,0.07192971387363079,0.5
2019-04-11,T05,有色金属,2019-03-31,107,-0.01870454861702369,0.038403590120577924,0.20833333333333334
2019-04-11,T06,建筑材料,2019-03-31,167,-0.01845167887882778,0.07695993558971814,0.5416666666666666
2019-04-11,T07,机械设备,2019-03-31,347,-0.014581332922403253,0.04470870170910857,0.2916666666666667
2019-04-11,T08,电子,2019-03-31,154,-0.020622579135230946,-0.004164006732396031,0.041666666666666664
2019-04-11,T09,汽车,2019-03-31,160,0.004095014581657573,0.09104828080007343,0.7083333333333334
2019-04-11,T10,计算机,2019-03-31,86,-0.024001990269395944,0.01578177858997387,0.125
2019-04-11,T11,家用电器,2019-03-31,52,-0.024125833925769717,0.0668064021572774,0.4166666666666667
2019-04-11,T12,食品饮料,2019-03-31,88,-0.031123868412448186,0.1144305592070991,0.875
2019-04-11,T13,纺织服饰,2019-03-31,81,-0.014480492213270545,0.08098601262168681,0.5833333333333334
2019-04-11,T14,轻工制造,2019-03-31,110,-0.019744105176319488,0.08299899357580132,0.6666666666666666
2019-04-11,T15,医药生物,2019-03-31,217,-0.025774927974952976,0.110606960088661,0.8333333333333334
2019-04-11,T16,公用事业,2019-03-31,137,-0.0068592869554340175,0.05202471214730631,0.3333333333333333
2019-04-11,T17,交通运输,2019-03-31,114,-0.012094950045464075,0.10568218035331678,0.7916666666666666
2019-04-11,T18,房地产,2019-03-31,130,-0.009137860610843868,0.1048635307093142,0.75
2019-04-11,T19,银行,2019-03-31,104,-0.017230205773427407,0.028722088619218544,0.16666666666666666
2019-04-11,T20,商贸零售,2019-03-31,101,-0.013438136110406876,0.07002822963279431,0.4583333333333333
2019-04-11,T21,社会服务,2019-03-31,29,-0.026474797120636637,0.14126611975795433,1.0
2019-04-11,T22,传媒,2019-03-31,189,-0.02008257133305086,0.007351879636126268,0.08333333333333333
2019-04-11,T23,综合,2019-03-31,26,-0.008021526279215362,0.08117559673809982,0.625
2019-04-11,T24,国防军工,2019-03-31,39,-0.012928539818710734,0.05505077457158647,0.375
2019-04-12,T01,农林牧渔,2019-03-31,73,0.02189171771230592,0.1124271015682099,0.625
2019-04-12,T02,煤炭,2019-03-31,58,0.0007192527842004208,0.12909927139942234,0.75
2019-04-12,T03,基础化工,2019-03-31,250,-0.0014921788594675757,0.13726936246635146,0.9583333333333334
2019-04-12,T04,钢铁,2019-03-31,32,-0.00834507511367236,0.06217561962031537,0.16666666666666666
2019-04-12,T05,有色金属,2019-03-31,107,-0.0034277075464809754,0.06111384371641204,0.125
2019-04-12,T06,建筑材料,2019-03-31,167,0.0016062342656274998,0.10177032170221856,0.4583333333333333
2019-04-12,T07,机械设备,2019-03-31,347,0.0016560955696535526,0.07770032078200861,0.3333333333333333
2019-04-12,T08,电子,2019-03-31,154,0.0006688666117990085,0.031221404670572106,0.041666666666666664
2019-04-12,T09,汽车,2019-03-31,160,0.0008501557454396229,0.11814631660630992,0.7083333333333334
2019-04-12,T10,计算机,2019-03-31,86,-0.003842769169362407,0.050749916690875585,0.08333333333333333
2019-04-12,T11,家用电器,2019-03-31,52,-0.004648545900571433,0.08940156944300148,0.375
2019-04-12,T12,食品饮料,2019-03-31,88,0.0021521735420440002,0.1302002782460614,0.8333333333333334
2019-04-12,T13,纺织服饰,2019-03-31,81,0.00187390117759909,0.10947156829786131,0.5833333333333334
2019-04-12,T14,轻工制造,2019-03-31,110,-0.007140788476320442,0.10690752782141644,0.5
2019-04-12,T15,医药生物,2019-03-31,217,-0.017541786734569378,0.11546005232896062,0.6666666666666666
2019-04-12,T16,公用事业,2019-03-31,137,0.013450957562102392,0.09571818238553598,0.4166666666666667
2019-04-12,T17,交通运输,2019-03-31,114,0.0010511140302156986,0.135939043641087,0.9166666666666666
2019-04-12,T18,房地产,2019-03-31,130,-0.0037386841600671353,0.1315812051774814,0.875
2019-04-12,T19,银行,2019-03-31,104,0.008031421051128907,0.06964415010358893,0.25
2019-04-12,T20,商贸零售,2019-03-31,101,0.004861712780433243,0.10921865870121428,0.5416666666666666
2019-04-12,T21,社会服务,2019-03-31,29,-0.008084531512268615,0.16187495307149802,1.0
2019-04-12,T22,传媒,2019-03-31,189,0.005168945077953301,0.06413394448608578,0.20833333333333334
2019-04-12,T23,综合,2019-03-31,26,0.006946456847788402,0.12968607467728344,0.7916666666666666
2019-04-12,T24,国防军工,2019-03-31,39,-0.00990741960305841,0.06989946848344486,0.2916666666666667
2019-04-15,T01,农林牧渔,2019-03-31,73,-0.011917856121563042,0.08419554403486829,0.6666666666666666
2019-04-15,T02,煤炭,2019-03-31,58,-0.002460238837814725,0.10607834844894826,0.9166666666666666
2019-04-15,T03,基础化工,2019-03-31,250,-0.010537437257140247,0.10301896676984068,0.875
2019-04-15,T04,钢铁,2019-03-31,32,-0.008241877114358868,0.04105006533677957,0.125
2019-04-15,T05,有色金属,2019-03-31,107,-0.007128122593512744,0.03549761948624419,0.08333333333333333
2019-04-15,T06,建筑材料,2019-03-31,167,-0.0073577614927671856,0.06996782017416225,0.4166666666666667
2019-04-15,T07,机械设备,2019-03-31,347,-0.00798522981966228,0.04926427739962125,0.20833333333333334
2019-04-15,T08,电子,2019-03-31,154,-0.0024294921682166434,0.019675716738857263,0.041666666666666664
2019-04-15,T09,汽车,2019-03-31,160,-0.013323676437347581,0.08555897760066822,0.7083333333333334
2019-04-15,T10,计算机,2019-03-31,86,0.0029816496913245036,0.051706580310049155,0.3333333333333333
2019-04-15,T11,家用电器,2019-03-31,52,-0.0028691973032477524,0.04956398222423575,0.25
2019-04-15,T12,食品饮料,2019-03-31,88,-0.009972573529565426,0.09582863079328341,0.75
2019-04-15,T13,纺织服饰,2019-03-31,81,-0.008367954727053746,0.07212924333498494,0.5
2019-04-15,T14,轻工制造,2019-03-31,110,-0.007796102898843728,0.08036917163766777,0.5833333333333334
2019-04-15,T15,医药生物,2019-03-31,217,-0.01278593412404738,0.08156327088844217,0.625
2019-04-15,T16,公用事业,2019-03-31,137,-0.008927818046311998,0.06994466831812529,0.375
2019-04-15,T17,交通运输,2019-03-31,114,-0.0015251653837507113,0.10903679182914794,0.9583333333333334
2019-04-15,T18,房地产,2019-03-31,130,-0.0028744320282779266,0.096242806971365,0.7916666666666666
2019-04-15,T19,银行,2019-03-31,104,-0.004427028658430302,0.05147511516907133,0.2916666666666667
2019-04-15,T20,商贸零售,2019-03-31,101,-0.0057858817884893525,0.07475893677970835,0.5416666666666666
2019-04-15,T21,社会服务,2019-03-31,29,-0.002939355753922633,0.13310232271262423,1.0
2019-04-15,T22,传媒,2019-03-31,189,-0.008931176317628797,0.0488679616394474,0.16666666666666666
2019-04-15,T23,综合,2019-03-31,26,-0.003309217392683126,0.09938692212040423,0.8333333333333334
2019-04-15,T24,国防军工,2019-03-31,39,-0.002391348857766188,0.07126154047615185,0.4583333333333333
2019-04-16,T01,农林牧渔,2019-03-31,73,0.007872454853781503,0.06811215742608634,0.5
2019-04-16,T02,煤炭,2019-03-31,58,0.02424990559383613,0.09618394587046142,0.9166666666666666
2019-04-16,T03,基础化工,2019-03-31,250,0.01635262499766433,0.09209295666649564,0.875
2019-04-16,T04,钢铁,2019-03-31,32,0.017033638863881317,0.011034217070507113,0.041666666666666664
2019-04-16,T05,有色金属,2019-03-31,107,0.03246019293504241,0.03916013748053504,0.125
2019-04-16,T06,建筑材料,2019-03-31,167,0.018315099349055758,0.05961817064841801,0.2916666666666667
2019-04-16,T07,机械设备,2019-03-31,347,0.016427292026706865,0.04540742696840483,0.16666666666666666
2019-04-16,T08,电子,2019-03-31,154,0.029207207857142568,0.030945165512705985,0.08333333333333333
2019-04-16,T09,汽车,2019-03-31,160,0.011695320344691864,0.07897100795578105,0.75
2019-04-16,T10,计算机,2019-03-31,86,0.04631016803047092,0.07356799696294614,0.6666666666666666
2019-04-16,T11,家用电器,2019-03-31,52,0.020941253175266097,0.04565228052359549,0.20833333333333334
2019-04-16,T12,食品饮料,2019-03-31,88,0.011700048755395652,0.06005918173112468,0.3333333333333333
2019-04-16,T13,纺织服饰,2019-03-31,81,0.016189849882055674,0.0683820783147544,0.5416666666666666
2019-04-16,T14,轻工制造,2019-03-31,110,0.01481207158574738,0.07460557607251173,0.7083333333333334
2019-04-16,T15,医药生物,2019-03-31,217,0.016269579871280228,0.06409075165533218,0.4166666666666667
2019-04-16,T16,公用事业,2019-03-31,137,0.013284590234168713,0.06093238893922859,0.375
2019-04-16,T17,交通运输,2019-03-31,114,0.011450858108423619,0.10018467370304607,0.9583333333333334
2019-04-16,T18,房地产,2019-03-31,130,0.011131216283277843,0.08367324834247203,0.7916666666666666
2019-04-16,T19,银行,2019-03-31,104,0.03407344700234363,0.06541302022785644,0.4583333333333333
2019-04-16,T20,商贸零售,2019-03-31,101,0.015907843836009142,0.07168776237864782,0.625
2019-04-16,T21,社会服务,2019-03-31,29,0.009939991539232234,0.11319626870345578,1.0
2019-04-16,T22,传媒,2019-03-31,189,0.020152544791292894,0.046265486555856716,0.25
2019-04-16,T23,综合,2019-03-31,26,0.016435693503782062,0.09081896181658777,0.8333333333333334
2019-04-16,T24,国防军工,2019-03-31,39,0.018347429733456305,0.07063480568251523,0.5833333333333334
2019-04-17,T01,农林牧渔,2019-03-31,73,0.017037669807651007,0.07885845462626584,0.6666666666666666
2019-04-17,T02,煤炭,2019-03-31,58,0.013639069847955347,0.10772532721993477,0.9166666666666666
2019-04-17,T03,基础化工,2019-03-31,250,0.011805683135324714,0.10102900527214098,0.8333333333333334
2019-04-17,T04,钢铁,2019-03-31,32,-0.0021227012142688607,0.016572502446759785,0.041666666666666664
2019-04-17,T05,有色金属,2019-03-31,107,0.003169877809338599,0.03863800317059951,0.125
2019-04-17,T06,建筑材料,2019-03-31,167,0.005811158499713964,0.06320927812266497,0.4166666666666667
2019-04-17,T07,机械设备,2019-03-31,347,0.011413474653582705,0.05052995560557072,0.25
2019-04-17,T08,电子,2019-03-31,154,0.012046107333888133,0.039480014027190036,0.16666666666666666
2019-04-17,T09,汽车,2019-03-31,160,0.03320073247521148,0.11210749817349841,0.9583333333333334
2019-04-17,T10,计算机,2019-03-31,86,0.0015972865394383133,0.0688868561489302,0.4583333333333333
2019-04-17,T11,家用电器,2019-03-31,52,0.007012082489540819,0.0502004502023341,0.20833333333333334
2019-04-17,T12,食品饮料,2019-03-31,88,0.009425331713924403,0.07632247298509132,0.625
2019-04-17,T13,纺织服饰,2019-03-31,81,0.011454825725556988,0.0815518229118184,0.7083333333333334
2019-04-17,T14,轻工制造,2019-03-31,110,0.006387840266317328,0.07519892752852586,0.5833333333333334
2019-04-17,T15,医药生物,2019-03-31,217,0.0070836001585893905,0.07203833411560323,0.5
2019-04-17,T16,公用事业,2019-03-31,137,0.00744339187634319,0.05413643451143746,0.2916666666666667
2019-04-17,T17,交通运输,2019-03-31,114,0.006386459005257893,0.10640303082597047,0.875
2019-04-17,T18,房地产,2019-03-31,130,0.0025463954796715884,0.08516698401324807,0.75
2019-04-17,T19,银行,2019-03-31,104,-0.009631024673616661,0.05418016267098502,0.3333333333333333
2019-04-17,T20,商贸零售,2019-03-31,101,0.005596738239142723,0.07473735320050845,0.5416666666666666
2019-04-17,T21,社会服务,2019-03-31,29,0.010595266263875525,0.11583555239664278,1.0
2019-04-17,T22,传媒,2019-03-31,189,0.004833000889968308,0.03704306473751218,0.08333333333333333
2019-04-17,T23,综合,2019-03-31,26,0.018837286640555482,0.09907159445059821,0.7916666666666666
2019-04-17,T24,国防军工,2019-03-31,39,0.0038243245225334853,0.05693995039688837,0.375
2019-04-18,T01,农林牧渔,2019-03-31,73,-0.0004117406782560798,0.08283242696216231,0.8333333333333334
2019-04-18,T02,煤炭,2019-03-31,58,-0.0059155654163395455,0.09954240265298142,1.0
2019-04-18,T03,基础化工,2019-03-31,250,-0.006030315882242644,0.09107245240440975,0.9166666666666666
2019-04-18,T04,钢铁,2019-03-31,32,-0.004298759547795933,0.011015838636580844,0.041666666666666664
2019-04-18,T05,有色金属,2019-03-31,107,-0.006608332975182653,0.03577983726865641,0.16666666666666666
2019-04-18,T06,建筑材料,2019-03-31,167,-0.0022344835292267464,0.05285061235648936,0.3333333333333333
2019-04-18,T07,机械设备,2019-03-31,347,-0.006733673280332427,0.04344227674109824,0.25
2019-04-18,T08,电子,2019-03-31,154,-0.004988605452732083,0.0438791588070131,0.2916666666666667
2019-04-18,T09,汽车,2019-03-31,160,-0.013224683244367406,0.09670738613753915,0.9583333333333334
2019-04-18,T10,计算机,2019-03-31,86,0.00019525727105048217,0.07380469369483222,0.75
2019-04-18,T11,家用电器,2019-03-31,52,0.005411727297669951,0.06110241528226523,0.4166666666666667
2019-04-18,T12,食品饮料,2019-03-31,88,0.003767849813233551,0.06966311666150138,0.625
2019-04-18,T13,纺织服饰,2019-03-31,81,-0.010406216769799562,0.06887349850842361,0.5833333333333334
2019-04-18,T14,轻工制造,2019-03-31,110,-0.006697955954146503,0.0641228750125531,0.5416666666666666
2019-04-18,T15,医药生物,2019-03-31,217,-0.008914716284280927,0.05941848163285801,0.375
2019-04-18,T16,公用事业,2019-03-31,137,-0.004894758512006207,0.04216283977161028,0.20833333333333334
2019-04-18,T17,交通运输,2019-03-31,114,-0.008804799024826254,0.0889950719502397,0.875
2019-04-18,T18,房地产,2019-03-31,130,-0.011760839844607428,0.06373935009030651,0.5
2019-04-18,T19,银行,2019-03-31,104,-0.011476237408032578,0.027787314496399818,0.08333333333333333
2019-04-18,T20,商贸零售,2019-03-31,101,-0.0073046133927526175,0.06293684894267604,0.4583333333333333
2019-04-18,T21,社会服务,2019-03-31,29,-0.009244008044538947,0.07869477738647168,0.7916666666666666
2019-04-18,T22,传媒,2019-03-31,189,-0.008787739096214171,0.027887597260905173,0.125
2019-04-18,T23,综合,2019-03-31,26,-0.008971283479810256,0.07260303598413498,0.6666666666666666
2019-04-18,T24,国防军工,2019-03-31,39,0.006407063083745174,0.07283870695704264,0.7083333333333334
